Link Name,Name and Date,Website Address,Article Link is From
Excited altruim,"Karnofy, Holden. 2013",http://blog.givewell.org/2013/08/20/excited-altruism/,Excited altruism vs obligatory altruism
"Famine, affluence and morality","Singer, Peter. 1972",http://philosophyfaculty.ucsd.edu/faculty/rarneson/Singeressayspring1972.pdf,Excited altruism vs obligatory altruism
Cheerfully,"Wise, Julia. 2013",http://www.givinggladly.com/2013/06/cheerfully.html,Excited altruism vs obligatory altruism
9 ways to put yourself in a better position in any job,"80,000 Hours. 2016",https://80000hours.org/articles/career-capital-in-any-job/,Career capital
The two most common ways people accidentally sabotage their career early on,"80,000 Hours. 2016",https://80000hours.org/career-guide/career-capital/,Career capital
Why even our readers should save enough to live for 6-24 months,"Todd, Benjamin. 2015",https://80000hours.org/2015/11/why-everyone-even-our-readers-should-save-enough-to-live-for-6-24-months/,Career capital
We reviewed over 60 studies about what makes for a dream job. Here’s what we found,"80,000 Hours. 2016",https://80000hours.org/career-guide/job-satisfaction/,Job satisfaction
How to find the right career for you,"80,000 Hours. 2016",https://80000hours.org/career-guide/personal-fit/,Personal fit
Interview: Holden Karnofsky on the importance of personal fit,"Todd, Benjamin. 2014",https://80000hours.org/2014/10/interview-holden-karnofsky-on-the-importance-of-personal-fit/,Personal fit
What should you look for in a job? Introducing our framework,"80,000 Hours. 2016",https://80000hours.org/articles/framework/,Role impact
Why the ideas you’ve heard for doing good with your career aren’t the best,"80,000 Hours. 2016",https://80000hours.org/career-guide/high-impact-jobs/#approach-2-advocacy,Advocacy careers
Why the ideas you’ve heard for doing good with your career aren’t the best,"80,000 Hours. 2016",https://80000hours.org/career-guide/high-impact-jobs/#approach-4-direct-work,Direct work
Why the ideas you’ve heard for doing good with your career aren’t the best,"80,000 Hours. 2016",https://80000hours.org/career-guide/high-impact-jobs/#approach-1-earning-to-give,Earning to give
"Replaceability, career choice, and making a difference","MacAskill, William. 2014",http://philpapers.org/rec/MACRCC-2,Earning to give
"80,000 Hours thinks that only a small proportion of people should earn to give long term","MacAskill, William. 2015",https://80000hours.org/2015/07/80000-hours-thinks-that-only-a-small-proportion-of-people-should-earn-to-give-long-term/,Earning to give
"Why you should focus more on talent gaps, not funding gaps","Todd, Benjamin. 2015",https://80000hours.org/2015/11/why-you-should-focus-more-on-talent-gaps-not-funding-gaps/,Earning to give
Earning to give: an annotated bibliography,"Stafforini, Pablo. 2016",http://www.stafforini.com/blog/writings-on-earning-to-give-an-annotated-bibliography/,Earning to give
Why the ideas you’ve heard for doing good with your career aren’t the best,"80,000 Hours. 2016",https://80000hours.org/career-guide/high-impact-jobs/#approach-3-research,Research careers
Alan Turing: The codebreaker who saved ‘millions of lives’,"Copeland, Jack. 2012",https://web.archive.org/web/20160613165137/http://www.bbc.co.uk/news/technology-18419691,Research careers
Doing good better: How effective altruism can help you make a difference,"MacAskill, Will. 2015",[no link],Research careers
You have a set amount of “weirdness points”: spend them wisely,"Hurford, Peter. 2014",http://effective-altruism.com/ea/bg/you_have_a_set_amount_of_weirdness_points_spend/,Budgeting for yourself and others
Doing good better: How effective altruism can help you make a difference,"MacAskill, Will. 2015",[no link],Budgeting for yourself and others
Burnout and self-care,"Wise, Julia. 2015",http://effective-altruism.com/ea/p5/burnout_and_selfcare/,Budgeting for yourself and others
Want to kill fewer animals? Give up eggs,"Galef, Julia. 2011",https://blogs.scientificamerican.com/guest-blog/want-to-kill-fewer-animals-give-up-eggs-not-meat/,Consuming animal products
Why eat less meat,"Hurford, Peter. 2013",http://everydayutilitarian.com/essays/why-eat-less-meat/,Consuming animal products
Don’t sweat diet?,"Lewis, Gregory. 2015",http://effective-altruism.com/ea/p3/dont_sweat_diet/,Consuming animal products
Does vegetarianism make a difference?,"Tomasik, Brian. 2014",http://reducing-suffering.org/does-vegetarianism-make-a-difference/,Consuming animal products
How much suffering is directly caused by various animal foods?,"Tomasik, Brian. 2016",http://reducing-suffering.org/how-much-direct-suffering-is-caused-by-various-animal-foods/,Consuming animal products
"Effective altruism, environmentalism, and climate change: an introduction","Gaensbauer, Evan. 2016.",http://effective-altruism.com/ea/un/effective_altruism_environmentalism_and_climate/,Environmental consumption
Conversation with Alice Yu on Effective Altruism,"Kuhn, Ben. 2013",http://www.benkuhn.net/alice,Environmental consumption
Ethical offsetting is antithetical to EA,"Zabel, Claire. 2016",http://effective-altruism.com/ea/ry/ethical_offsetting_is_antithetical_to_ea/,Environmental consumption
Project Overview: Problems of unknown difficulty,"Cotton-Barratt, Owen. 2015",http://globalprioritiesproject.org/2015/02/project-overview-problems-of-unknown-difficulty/,Doing research
Why focus on neglected tropical disease research?,Giving What We Can. 2016,https://www.givingwhatwecan.org/report/medical-research-1/#2-2-why-focus-on-neglected-tropical-disease-research,Doing research
Scientific research,Open Philanthropy Project. 2016,http://www.openphilanthropy.org/focus/scientific-research,Doing research
Doing good through for-profits: Wave and financial tech,"80,000 Hours. 2016",https://80000hours.org/2016/02/doing-good-through-for-profits-lincoln-quirk-and-wave/,Funding high-impact for-profits
Living Goods,GiveWell. 2014,http://www.givewell.org/charities/living-goods,Funding high-impact for-profits
"To inspire people to give, be public about your giving","Hurford, Peter. 2014",http://effective-altruism.com/ea/7q/to_inspire_people_to_give_be_public_about_your/,Giving publicy
Donation report,"Kaufman, Jeff. 2016",http://www.jefftk.com/donations,Giving publicy
Philanthropy’s success stories,"Karnofsky, Holden. 2012",http://www.openphilanthropy.org/blog/philanthropys-success-stories,Lessons from the history of philanthropy
History of Philanthropy,Open Philanthropy Project. 2016.,http://www.openphilanthropy.org/research/history-of-philanthropy,Lessons from the history of philanthropy
Concept for conor coordination,"Drescher, Denis. 2016",http://claviger.net/concept-for-donor-coordination.html,Philanthropic coordination
Donor coordination and the giver’s dilemma,"Karnofsky, Holden. 2015",http://blog.givewell.org/2014/12/02/donor-coordination-and-the-givers-dilemma/,Philanthropic coordination
The value of coordination,"Todd, Ben. 2016",https://80000hours.org/2016/02/the-value-of-coordination/,Philanthropic coordination
Giving your all,"Landburg, Steven. 1997",http://www.slate.com/articles/arts/everyday_economics/1997/01/giving_your_all.html,Philanthropic diversification
How many causes should you give to?,"Kuhn, Ben. 2014",http://www.benkuhn.net/how-many-causes,Philanthropic diversification
The best reason to give later,"Christiano, Paul. 2013.",https://rationalaltruist.com/2013/06/10/the-best-reason-to-give-later/,Timing of philanthropy
Give now or later,"Cotton-Barratt, Owen and Ben Todd. 2015",http://globalprioritiesproject.org/2015/02/give-now-or-later/,Timing of philanthropy
Good Ventures and giving now vs later,"Karnofsky, Holden. 2015",http://blog.givewell.org/2015/11/25/good-ventures-and-giving-now-vs-later/,Timing of philanthropy
The case for donating now,"Mannino, Adriano & Lukas Gloor. 2014",https://sentience-politics.org/the-case-for-donating-now,Timing of philanthropy
The haste consideration,"Wage, Matt. 2012",https://80000hours.org/2012/04/the-haste-consideration/,Timing of philanthropy
Giving now vs. later: a summary,"Wise, Julia. 2013",http://effective-altruism.com/ea/4e/giving_now_vs_later_a_summary/,Timing of philanthropy
Inducement prizes and innovation,"Brunt, Liam, Josh Lerner & Tom Nicholas. 2012",http://people.hbs.edu/tnicholas/IPI.pdf,Unusual funding models
Why Certificates?,Impact Purchase. 2015,https://impactpurchase.org/why-certificates/,Unusual funding models
Impact Purchase,"Kuhn, Ben. 2015",http://www.benkuhn.net/impact-purchase,Unusual funding models
Good policy ideas that won’t happen (yet),"Bowerman, Niel. 2014",http://effective-altruism.com/ea/7e/good_policy_ideas_that_wont_happen_yet/,Improving policy
Effective altruism’s political blind spot,"Clough, Emily. 2015",https://bostonreview.net/world/emily-clough-effective-altruism-ngos,Improving policy
Should EAs do policy?,"Farquhar, Sebastian. 2016",http://library.fora.tv/2016/08/06/should_eas_do_policy,Improving policy
New UK aid strategy – prioritising research and crisis response,Global Priorities Project. 2015,http://globalprioritiesproject.org/2015/12/new-uk-aid-strategy-prioritising-research-and-crisis-response/,Improving policy
The track record of policy-oriented philanthropy,"Karnofsky, Holden. 2013",http://www.openphilanthropy.org/blog/track-record-policy-oriented-philanthropy,Improving policy
U.S. policy,Open Philanthropy Project. 2016,http://www.openphilanthropy.org/focus/us-policy,Improving policy
Cause profile: Building an effective altruism community,Centre for Effective Altruism. No date.,https://www.effectivealtruism.org/cause-profile-building-an-effective-altruism-community/,Influencing charities
Effective altruism: will donors change their ways?,"Birkwood, Susannah. 2016",http://www.thirdsector.co.uk/effective-altruism-will-donors-change-ways/fundraising/article/1384629,Influencing charities
About us,Charity Science Health. 2016,http://www.charitysciencehealth.com/about.html,Influencing charities
Top charities,GiveWell. 2016,http://www.givewell.org/charities/top-charities,Influencing charities
Charitable giving statistics,National Philanthropic Trust. 2016,https://www.nptrust.org/philanthropic-resources/charitable-giving-statistics/,Influencing charities
What is fossil fuel divestment?,Fossil Free. 2016,http://gofossilfree.org/what-is-fossil-fuel-divestment/,Divestment
Does divestment work?,"Macaskill, Will. 2015",http://www.newyorker.com/business/currency/does-divestment-work,Divestment
When can impact investing create real impact? ,"Brest, Paul & Kelly Born. 2015",https://ssir.org/up_for_debate/article/impact_investing,Impact investing
Acumen Fund and social enterprise investment,"Karnofsky, Holden. 2009",http://blog.givewell.org/2009/11/25/acumen-fund-and-social-enterprise-investment/,Impact investing
"Effective altruism, radical politics and radical philanthropy","Chappell, Richard. 2016",http://www.philosophyetc.net/2016/04/effective-altruism-radical-politics-and.html,Systemic change
Does effective altruism neglect systemic change?,Effective Altruism. 2016,https://www.effectivealtruism.org/faqs-criticism-objections/#does-effective-altruism-neglect-systemic-change,Systemic change
Cause reports - Policy,Open Philanthropy Project. 2016,http://www.openphilanthropy.org/research/cause-reports#Policy,Systemic change
Stop the robot apocalypse,"Srinivasan, Amia. 2015",http://www.lrb.co.uk/v37/n18/amia-srinivasan/stop-the-robot-apocalypse,Systemic change
Effective altruists love systemic change,"Wiblin, Robert. 2015",https://80000hours.org/2015/07/effective-altruists-love-systemic-change/,Systemic change
Cause profile: Building an effective altruism community,Centre for Effective Altruism. No date.,https://www.effectivealtruism.org/cause-profile-building-an-effective-altruism-community/,Influencing individuals
MIRI’s Research Workshops,MIRI. No date.,https://intelligence.org/workshops/,Influencing individuals
Pareto Fellowship,Pareto Fellowship. No date.,http://paretofellowship.org/,Influencing individuals
Animal pain,"Allen, Colin. 2004",http://s3.amazonaws.com/academia.edu.documents/25855368/s1.pdf?AWSAccessKeyId=AKIAJ56TQJRTWSMTNPEA&Expires=1480881727&Signature=tWPFxODBqpTVpX%2F5Q%2BKmkhsGJVY%3D&response-content-disposition=inline%3B%20filename%3DAnimal_pain.pdf,Capacity to feel pleasure and pain
Do bugs feel pain?,"Tomasik, Brian. 2016",http://reducing-suffering.org/do-bugs-feel-pain/,Capacity to feel pleasure and pain
Infinite ethics,"Bostrom, Nick. 2011",http://stafforini.com/docs/Bostrom%20-%20Infinite%20ethics.pdf,Possibility of an infinite universe
Are we living in a computer simulation? ,"Bostrom, Nick. 2003",http://stafforini.com/docs/Bostrom%20-%20Are%20we%20living%20in%20a%20computer%20simulation.pdf,The simulation argument
The future of humanity,"Bostrom, Nick. 2009",http://stafforini.com/docs/Bostrom%20-%20The%20future%20of%20humanity.pdf,Kinds of possible futures
Existential risk prevention as a global priority,"Botrom, Nick. 2012",http://www.existential-risk.org/concept.pdf,Number of future people
Where are they?,"Bostrom, Nick. 2008",https://www.technologyreview.com/s/409936/where-are-they/,The Fermi paradox
"Superintelligence: paths, dangers, strategies","Bostrom, Nick. 2015",[no link],Superintelligence
Friendly artificial intelligence.,Wikipedia. No date.,https://en.wikipedia.org/wiki/Friendly_artificial_intelligence,Superintelligence
Will we eventually be able to colonize other stars?,"Beckstead, Nick. 2011",http://globalprioritiesproject.org/2014/06/will-we-eventually-be-able-to-colonize-other-stars-notes-from-a-preliminary-review/,Interstellar colonization
Some simple ways to check “room for more funding”,"Karnofsky, Holden. 2011",http://blog.givewell.org/2009/12/17/some-simple-ways-to-check-room-for-more-funding/,Room for more funding
Defining Returns Functions and Funding Gaps,"Dalton, Max. 2017",https://www.centreforeffectivealtruism.org/blog/defining-returns-functions-and-funding-gaps/,Room for more funding
Selecting the appropriate model for diminishing returns,"Dalton, Max and Cotton-Barratt, Owen. 2017",https://www.centreforeffectivealtruism.org/blog/selecting-the-appropriate-model-for-diminishing-returns/,Room for more funding
On the concept of “talent-constrained” organizations,"Naik, Vipul. No date.",http://lesswrong.com/lw/jw8/on_the_concept_of_talentconstrained_organizations/,Talent constraints vs. funding constraints
"Why you should focus more on talent gaps, not funding gaps","Todd, Benjamin. 2015",https://80000hours.org/2015/11/why-you-should-focus-more-on-talent-gaps-not-funding-gaps/,Talent constraints vs. funding constraints
The efficiency of modern philanthropy,"Christiano, Paul. 2013",https://rationalaltruist.com/2013/05/05/the-efficiency-of-modern-philanthropy/,Market efficiency of philanthropy
Broad market efficiency,"Karnofsky, Holden. 2013",http://blog.givewell.org/2013/05/02/broad-market-efficiency/,Market efficiency of philanthropy
Impact calculator,Animal Charity Evaluators. 2016,https://animalcharityevaluators.org/research/donation-impact/impact-calculator/,Factory farming
Initial grants to support corporate cage-free reforms,"Bollard, Lewis. 2016",http://www.openphilanthropy.org/blog/initial-grants-support-corporate-cage-free-reforms,Factory farming
Treatment of animals in industrial agriculture,Open Philanthropy Project. 2013,http://www.openphilanthropy.org/research/cause-reports/treatment-animals-industrial-agriculture,Factory farming
Animal product alternatives,Open Philanthropy Project. 2015,http://www.openphilanthropy.org/research/cause-reports/animal-product-alternatives,Factory farming
Why animals matter for effective altruism,"Reese, Jacy. 2016",http://effective-altruism.com/ea/10o/why_animals_matter_for_effective_altruism/,Factory farming
The morality of meat: why eating your vegetables is cruel to animals,"Hanson, Robin. 2002",http://mason.gmu.edu/~rhanson/meat.html,Logic of the larder
Human diets and animal welfare: the illogic of the larder,"Matheny, Gaverick & Kai Chan. 2005",http://www.qalys.org/animal-welfare.pdf,Logic of the larder
Vegan advocacy and pessimism about wild animal welfare,"Shulman, Carl. 2013",http://reflectivedisequilibrium.blogspot.co.uk/2013/07/vegan-advocacy-and-pessimism-about-wild.html,Logic of the larder
How does vegetarianism impact wild-animal suffering?,"Tomasik, Brian. 2016",http://reducing-suffering.org/vegetarianism-and-wild-animals/,Logic of the larder
Quantifying the poor meat eater problem,"Bogossian, Kyle. 2015.",http://effective-altruism.com/ea/rl/quantifying_the_poor_meat_eater_problem/,The meat-eater problem
The meat eater problem: developing an EA response,"Weathers, Scott. 2016",http://effective-altruism.com/ea/ub/the_meat_eater_problem_developing_an_ea_response/,The meat-eater problem
The myth that reducing wild animal suffering is intractable,"Dickens, Michael. 2016",http://mdickens.me/2016/04/22/the_myth_that_reducing_wild_animal_suffering_is_intractable/,Wild animal suffering
The meat eaters,"McMahan, Jeff. 2010",http://opinionator.blogs.nytimes.com/2010/09/19/the-meat-eaters/,Wild animal suffering
Towards welfare biology: evolutionary economics of animal consciousness and suffering,"Ng, Y.-K. 1995",http://www.stafforini.com/txt/Ng%20-%20Towards%20welfare%20biology.pdf,Wild animal suffering
Reducing suffering among invertebrates such as insects,Sentience Politics. 2016.,https://sentience-politics.org/files/reducing-suffering-invertebrates-6.pdf,Wild animal suffering
Wild animal suffering: a bibliography,"Stafforini, Pablo. 2016",http://www.stafforini.com/blog/wild-animal-suffering-a-bibliography/,Wild animal suffering
The importance of wild animal suffering,"Tomasik, Brian. 2016",https://foundational-research.org/the-importance-of-wild-animal-suffering/,Wild animal suffering
How many wild animals are there?,"Tomasik, Brian. 2016",http://reducing-suffering.org/how-many-wild-animals-are-there/,Wild animal suffering
The long-term significance of reducing global catastrophic risks,"Beckstead, Nick. 2015",http://www.openphilanthropy.org/blog/long-term-significance-reducing-global-catastrophic-risks,Global catastrophic risks
Global catastrophic risks 2016,"Cotton-Barratt, Owen et al. 2016",http://globalprioritiesproject.org/2016/04/global-catastrophic-risks-2016/,Global catastrophic risks
Global catastrophic risks,Open Philanthropy Project. 2016,http://www.openphilanthropy.org/research/cause-reports/global-catastrophic-risks/global-catastrophic-risks,Global catastrophic risks
Global catastrophic risks,"Cotton-Barratt, Owen et al. 2016",http://globalprioritiesproject.org/2016/04/global-catastrophic-risks-2016/,Natural existential risks
Existential Risks: Analyzing Human Extinction Scenarios and Related Hazards,"Bostrom, Nick. 2002",http://www.nickbostrom.com/existential/risks.pdf,Non-extinction existential risks
Risks of Astronomical Future Suffering,"Tomasik, Brian. 2016",https://foundational-research.org/risks-of-astronomical-future-suffering/,Non-extinction existential risks
Three areas of research on the superintelligence control problem,"Dewey, Daniel. No date.",http://globalprioritiesproject.org/2015/10/three-areas-of-research-on-the-superintelligence-control-problem/,Existential risks from artificial intelligence
Potential risks from advanced artificial intelligence: the philanthropic opportunity,"Karnofsky, Holden. 2016",http://www.openphilanthropy.org/blog/potential-risks-advanced-artificial-intelligence-philanthropic-opportunity,Existential risks from artificial intelligence
Introductory resources on AI safety research,"Krakovna, Victoria. 2016",https://vkrakovna.wordpress.com/2016/02/28/introductory-resources-on-ai-safety-research/,Existential risks from artificial intelligence
Global catastrophic risks,"Cotton-Barratt, Owen et al. 2016",http://globalprioritiesproject.org/2016/04/global-catastrophic-risks-2016/,Existential risks from biotechnology
Gain-of-function experiments: time for a real debate,"Duprex, Paul et al. 2015",http://www.nature.com/nrmicro/journal/v13/n1/full/nrmicro3405.html,Existential risks from biotechnology
Gain-of-function research: ethical analysis,"Selgelid, Michael. 2016",http://link.springer.com/article/10.1007%2Fs11948-016-9810-1,Existential risks from biotechnology
Probing the improbable: methodological challenges for risks with low probabilities and high stakes,"Ord, Toby, Rafaela Hillerbrand & Anders Sandberg. 2010",http://www.fhi.ox.ac.uk/wp-content/uploads/probing-the-improbable.pdf,Existential risks from fundamental physics research
Global catastrophic risks,"Cotton-Barratt, Owen et al. 2016",http://globalprioritiesproject.org/2016/04/global-catastrophic-risks-2016/,Existential risks from nuclear war
Nuclear weapons policy,Open Philanthropy Project. 2016,http://www.openphilanthropy.org/research/cause-reports/nuclear-weapons-policy,Existential risks from nuclear war
Existential risks: analyzing human extinction scenarios and related hazards,"Bostrom, Nick. 2002",http://www.nickbostrom.com/existential/risks.pdf,Unknown existential risks
How not to be a “white in shining armor”,"Karnofsky, Holden. 2012",http://blog.givewell.org/2012/04/12/how-not-to-be-a-white-in-shining-armor/,Aid and paternalism
The lack of controversy over well-targeted aid,"Karnofsky, Holden. 2016",http://blog.givewell.org/2015/11/06/the-lack-of-controversy-over-well-targeted-aid/,Aid effectiveness
Poverty and shared prosperity 2016: taking on inequality,World Bank. 2016,http://www.worldbank.org/en/publication/poverty-and-shared-prosperity,Economic poverty
GBD Compare | Viz HubYou,Institute of Health Metrics and Evaluation. 2016,http://vizhub.healthdata.org/gbd-compare/,The global burden of disease
"""Improving Institutional Decision-Making”","Whittlestone, Jess. 2017",https://80000hours.org/problem-profiles/improving-institutional-decision-making/,Improving decision-making
Is effective altruism overlooking human happiness and mental health? I argue it is.,"Plant, Michael. 2016",http://effective-altruism.com/ea/yv/is_effective_altruism_overlooking_human_happiness/,Improving mental health and happiness
Mental health,Snowden & Sietzy. 2016,https://www.givingwhatwecan.org/report/mental-health/,Improving mental health and happiness
Estimating the true global burden of mental illness,"Vigo, Thornicroft & Atun. 2016",http://www.thelancet.com/journals/lanpsy/article/PIIS2215-0366%2815%2900505-2/abstract,Improving mental health and happiness
Criminal justice reform,Open Philanthropy Project. 2016,http://www.openphilanthropy.org/focus/us-policy/criminal-justice-reform,Criminal justice reform
Economics and emigration: Trillion-dollar bills on the sidewalk?,"Clemens, Michael A. 2011","http://tmtfree.hd.free.fr/albums/files/TMTisFree/Documents/Economy/Economics%20and%20Emigration.%20Trillion-Dollar%20Bills%20on%20the%20Sidewalk,%202011.%20Michael%20A.%20Clements.pdf",Immigration reform
Open Borders,Open Borders. No date.,http://openborders.info/,Immigration reform
Labor mobility,Open Philanthropy Project. No date.,http://www.openphilanthropy.org/research/cause-reports/labor-mobility,Immigration reform
Let their people come: Breaking the gridlock on global labor mobility,"Pritchett, Lant. 2006",http://www.cgdev.org/sites/default/files/9781933286105-Pritchett-let-their-people-come.pdf,Immigration reform
The domestic economic impacts of immigration,"Roodman, David. 2014",http://davidroodman.com/blog/2014/09/03/the-domestic-economic-impacts-of-immigration/,Immigration reform
How migration liberalization might eliminate most absolute poverty,"Shulman, Carl. 2014",http://reflectivedisequilibrium.blogspot.co.uk/2014/05/how-migration-liberalization-might.html,Immigration reform
Land use reform,"80,000 Hours. 2016",https://80000hours.org/problem-profiles/land-use-reform/,Land use reform
Land use reform,Open Philanthropy Project. 2016,http://www.openphilanthropy.org/research/cause-reports/land-use-reform,Land use reform
Macroeconomic stabilization policy,Open Philanthropy Project. 2016,http://www.openphilanthropy.org/focus/us-policy/macroeconomic-policy,Macroeconomic stabilization
"Economic downturns, universal health coverage, and cancer mortality in high-income and middle-income countries, 1990–2010: a longitudinal analysis","Maruthappu, Mahiben et al. 2016",http://www.thelancet.com/journals/lancet/article/PIIS0140-6736(1600577-8/abstract,Macroeconomic stabilization
The fable of the dragon-tyrant,"Bostrom, Nick. 2005",http://www.nickbostrom.com/fable/dragon.html,Anti-aging research
"Estimates of funding for various research, condition, and disease categories (RCDC)",National Institutes of Health. 2016,https://report.nih.gov/categorical_spending.aspx,Anti-aging research
Animal product alternatives,Open Philanthropy Project. 2016,http://www.openphilanthropy.org/research/cause-reports/animal-product-alternatives,Research into animal product alternatives
Cultured meat: an ethical alternative to industrial animal farming,"Rorheim, Adrian, Adriano Mannino, Tobias Baumann & Lucius Caviola. 2016",https://sentience-politics.org/research/policy-papers/cultured-meat/,Research into animal product alternatives
Medical research,Giving What We Can. 2015,https://www.givingwhatwecan.org/cause/medical-research/,Research into neglected tropical diseases
Investigating neglected goals in scientific research,"Karnofsky, Holden. 2015",http://www.openphilanthropy.org/blog/investigating-neglected-goals-scientific-research,Research into neglected tropical diseases
Neglected tropical diseases,World Health Organisation. 2016,http://www.who.int/neglected_diseases/diseases/en/,Research into neglected tropical diseases
Global priorities research,"80,000 Hours. 2016",https://80000hours.org/problem-profiles/global-priorities-research/,Prioritization research
Conversation with Paul Christiano on cause prioritization research,"Stafforini, Pablo. 2014",https://80000hours.org/2014/08/conversation-with-paul-christiano-on-cause-prioritization-research/,Prioritization research
Belief,"Schwitzgebel, Eric. 2015",http://plato.stanford.edu/entries/belief/,Beliefs
I can’t believe I’m stupid,"Egan, Andy & Adam Elga. 2005",http://www.investigacoesfilosoficas.com/wp-content/uploads/Egan-Elga-2005-I-Can%E2%80%99t-Believe-I%E2%80%99m-Stupid.pdf,Credal resilience
The logic of scientific discovery,"Popper, Karl. 1959",http://strangebeautiful.com/other-texts/popper-logic-scientific-discovery.pdf,Credal resilience
"Resiliency, propensities, and causal necessity","Skyrms, Brian. 1977",http://philpapers.org/rec/SKYRPA,Credal resilience
Bayes’ rule,Arbital. 2016,https://arbital.com/p/bayes_rule/?l=1zq,Bayes’ rule
Bayes’ theorem,"Joyce, James. 2003",http://plato.stanford.edu/entries/bayes-theorem/,Bayes’ rule
Bayes’ theorem,Wikipedia. 2016,https://en.wikipedia.org/wiki/Bayes%27_theorem,Bayes’ rule
Base rate fallacy,Wikipedia. 2016,https://en.wikipedia.org/wiki/Base_rate_fallacy,Bayes’ rule
False positive paradox,Wikipedia. 2016,https://en.wikipedia.org/wiki/False_positive_paradox,Bayes’ rule
Peer disagreement,"Blanchard, Thomas & Alvin Goldman. 2015",http://plato.stanford.edu/entries/epistemology-social/#PeeDis,Epistemic disagreement
On treating oneself and others as thermometers,"White, Roger. 2009",http://stafforini.com/docs/White%20-%20On%20treating%20oneself%20and%20others%20as%20thermometers.pdf,Epistemic disagreement
Epistemic permissiveness,"White, Roger. 2016",http://web.mit.edu/rog/www/papers/EP.pdf,Epistemic disagreement
Condorcet's jury theorem,Wikipedia. 2016,https://en.wikipedia.org/wiki/Condorcet%27s_jury_theorem,Epistemic disagreement
Imprecise probabilities,"Bradley, Seamus. 2014",http://plato.stanford.edu/entries/imprecise-probabilities/,Risk and uncertainty
Minimax regret,Wikipedia. 2016,https://goo.gl/zPFMNa,Risk and uncertainty
Decision theory,"Steele, Katie & H. Orri Stefánsson. 2015",http://plato.stanford.edu/entries/decision-theory/,"Acts, states, and outcomes"
Counting on numbers,"Baumann, Peter. 2009",http://stafforini.com/docs/Baumann%20-%20Counting%20on%20numbers.pdf,Bounded and unbounded theories
Pascal's mugging,"Bostrom, Nick. 2009",http://www.nickbostrom.com/papers/pascal.pdf,Bounded and unbounded theories
The St. Petersburg paradox,"Martin, Robert. 2013",http://plato.stanford.edu/archives/sum2014/entries/paradox-stpetersburg/,Bounded and unbounded theories
Causal decision theories,Arbital. 2016,https://arbital.com/p/causal_dt/,Causal and evidential approaches
Causal decision theory,Wikipedia. 2016,https://en.wikipedia.org/wiki/Causal_decision_theory,Causal and evidential approaches
Evidential decision theory,Wikipedia. 2014,https://en.wikipedia.org/wiki/Evidential_decision_theory,Causal and evidential approaches
Risk and rationality,"Buchak, Lara. 2013",http://ndpr.nd.edu/news/56397-risk-and-rationality/,Risk aversion
Salary or startup? How do-gooders can gain more from risky careers,"Shulman, Carl. 2012",https://80000hours.org/2012/01/salary-or-startup-how-do-gooders-can-gain-more-from-risky-careers/,Risk aversion
Does risk aversion give an agent with purely altruistic preferences a good reason to donate to multiple charities?,"Snowden, James. 2015",https://drive.google.com/file/d/0B551Ijx9v_RoMzZrOXZvbG9BMzA/view?usp=sharing,Risk aversion
When should altruists be financially risk-averse?,"Tomasik, Brian. 2016",http://reducing-suffering.org/when-should-altruists-be-financially-risk-averse/,Risk aversion
Ambiguity aversion,Wikipedia. 2016,https://en.wikipedia.org/wiki/Ambiguity_aversion,Risk aversion
The Allais paradox,"Yudkowsky, Eliezer. 2008",http://lesswrong.com/lw/my/the_allais_paradox/,Risk aversion
Moral anti-realism.,"Joyce, Richard. 2015",http://plato.stanford.edu/entries/moral-anti-realism/,Metaethics
Moral naturalism,"Lenman, James. 2006",http://plato.stanford.edu/entries/naturalism-moral/,Metaethics
Moral non-naturalism,"Ridge, Michael. 2014",http://plato.stanford.edu/entries/moral-non-naturalism/,Metaethics
Metaethics,"Sayre-McCord, Geoff. 2012",http://plato.stanford.edu/entries/metaethics/,Metaethics
Moral realism,"Sayre-McCord, Geoff. 2015",http://plato.stanford.edu/entries/moral-realism/,Metaethics
Moral cognitivism vs. non-cognitivism,"Van Roojen, Mark. 2013",http://plato.stanford.edu/entries/moral-cognitivism/,Metaethics
Meta-ethics,Wikipedia. 2016,https://en.wikipedia.org/wiki/Meta-ethics,Metaethics
Consequentialism,"Sinnott-Armstrong, Walter. 2015",http://plato.stanford.edu/entries/consequentialism/,Consequentialism
Consequentialism,Wikipedia. 2016,https://en.wikipedia.org/wiki/Consequentialism,Consequentialism
Deontological ethics,"Alexander, Larry & Michael Moore. 2016",http://plato.stanford.edu/entries/ethics-deontological/,Deontology
Deontological ethics,Wikipedia. 2016,https://en.wikipedia.org/wiki/Deontological_ethics,Deontology
Virtue ethics,"Hursthouse, Rosalind. 2012",http://plato.stanford.edu/entries/ethics-virtue/,Virtue ethics
Virtue ethics,Wikipedia. 2016,https://en.wikipedia.org/wiki/Virtue_ethics,Virtue ethics
Moral particularism,"Dancy, Jonathan. 2013",http://plato.stanford.edu/entries/moral-particularism/,Other moral theories
Care ethics,"Sander-Staudt, Maureen. 2016",http://www.iep.utm.edu/care-eth/,Other moral theories
Moral particularism,"Shiu-Hwa Tsu, Peter. 2016",http://www.iep.utm.edu/morlpat/,Other moral theories
Feminist ethics,"Tong, Rosemarie & Nancy Williams. 2009",http://plato.stanford.edu/entries/feminism-ethics/,Other moral theories
Ethics of care,Wikipedia. 2016,https://en.wikipedia.org/wiki/Ethics_of_care,Other moral theories
Moral uncertainty - towards a solution?,"Bostrom, Nick. 2009",http://www.overcomingbias.com/2009/01/moral-uncertainty-towards-a-solution.html,Moral uncertainty
In defence of my favourite theory,"Gustafsson, Johan E. & Olle Torpman. 2014",http://johanegustafsson.net/papers/in-defence-of-my-favourite-theory.pdf,Moral uncertainty
Normative uncertainty,"MacAskill, William. 2014",http://commonsenseatheism.com/wp-content/uploads/2014/03/MacAskill-Normative-Uncertainty.pdf,Moral uncertainty
Against moral hedging,"Nissan-Rozen, Ittay. 2015",https://www.cambridge.org/core/journals/economics-and-philosophy/article/against-moral-hedging/E818376A231FECAEBFA01A3411A567C0,Moral uncertainty
What to Do When You Don't Know What to Do When You Don't Know What to Do….,"Sepielli, Andrew. 2013",http://onlinelibrary.wiley.com/doi/10.1111/nous.12010/abstract,Moral uncertainty
Running Risks Morally,"Weatherson, Brian 2014",http://link.springer.com/article/10.1007/s11098-013-0227-2,Moral uncertainty
Well-being,"Crisp, R. 2013",http://plato.stanford.edu/entries/well-being/,Well-being
Reasons and persons,"Parfit, Derek. 1984",http://www.oxfordscholarship.com/view/10.1093/019824908X.001.0001/acprof-9780198249085,Well-being
Animal consciousness,"Allen, Colin & Michael Trestman. 2016",http://plato.stanford.edu/entries/consciousness-animal/#summary,Moral patienthood
On the overwhelming importance of the far future,"Beckstead, Nick. 2013",https://docs.google.com/viewer?a=v&pid=sites&srcid=ZGVmYXVsdGRvbWFpbnxuYmVja3N0ZWFkfGd4OjExNDBjZTcwNjMxMzRmZGE,Moral patienthood
Astronomical waste: the opportunity cost of delayed technological development,"Bostrom, Nick. 2009",http://intelligence.org/files/AstronomicalWaste.pdf,Moral patienthood
The Cambridge declaration on consciousness,Francis Crick Memorial Conference. 2012,http://fcmconference.org/img/CambridgeDeclarationOnConsciousness.pdf,Moral patienthood
The nonidentity problem,"Roberts, M. A. 2015",http://plato.stanford.edu/entries/nonidentity-problem/,Moral patienthood
Do artificial reinforcement-learning agents matter morally?,"Tomasik, Brian. 2014",https://foundational-research.org/files/do-artificial-reinforcement-learning-agents-matter-morally.pdf,Moral patienthood
Artificial consciousness,Wikipedia. 2016,https://en.wikipedia.org/wiki/Artificial_consciousness,Moral patienthood
Value pluralism,"Mason, Elinor. 2011",http://plato.stanford.edu/entries/value-pluralism/,Non-wellbeing sources of value
How to compare global problems in terms of potential for impact,"80,000 Hours. 2016",https://80000hours.org/articles/problem-framework/,Three-factor framework for focus area selection
A list of all our profiles on global problems,"80,000 Hours. 2016",https://80000hours.org/problem-profiles/,Three-factor framework for focus area selection
"Evaluation frameworks, or when importance / neglectedness / tractability doesn't apply","Dickens, Michael. 2016",http://mdickens.me/2016/06/10/evaluation_frameworks_(or-_when_scale-neglectedness-tractability_doesn%27t_apply),Three-factor framework for focus area selection
"Evaluation frameworks, or when importance / neglectedness / tractability doesn't apply","Dickens, Michael. 2016",http://mdickens.me/2016/06/10/evaluation_frameworks_(or-_when_scale-neglectedness-tractability_doesn%27t_apply),"Importance, tractability, neglectedness framework"
The important/neglected/tractable framework needs to be applied with care,"Wiblin, Robert. 2016",http://effective-altruism.com/ea/ss/the_importantneglectedtractable_framework_needs/,"Importance, tractability, neglectedness framework"
Giving What We Can is cause neutral,"Hutchinson, Michelle. 2016",http://effective-altruism.com/ea/wj/giving_what_we_can_is_cause_neutral/,Neutrality in focus area selection
The benefits of cause-neutrality,Sentience Politics. 2016,https://sentience-politics.org/philosophy/the-benefits-of-cause-neutrality/,Neutrality in focus area selection
Differential technological development: some early thinking,"Beckstead, Nick. 2016",http://blog.givewell.org/2015/09/30/differential-technological-development-some-early-thinking/,Differential progress
Existential risks,"Bostrom, Nick. 2002",http://www.nickbostrom.com/existential/risks.html,Differential progress
On progress and prosperity,"Christiano, Paul. 2014",http://effective-altruism.com/ea/9f/on_progress_and_prosperity/,Differential progress
Differential intellectual progress as a positive-sum project,"Tomasik, Brian. 2015",https://foundational-research.org/differential-intellectual-progress-as-a-positive-sum-project/,Differential progress
Differential technological development,Wikipedia. 2016,https://en.wikipedia.org/wiki/Differential_technological_development,Differential progress
Cost-benefit analysis,Wikipedia. 2016,https://en.wikipedia.org/wiki/Cost%E2%80%93benefit_analysis,Cost-benefit analysis
Project overview: problems of unknown difficulty,"Cotton-Barratt, Owen. 2015",http://globalprioritiesproject.org/2015/02/project-overview-problems-of-unknown-difficulty/,Cost-effectiveness analysis
Our criteria for top charities,GiveWell. 2016,http://www.givewell.org/how-we-work/criteria,Cost-effectiveness analysis
Cost-effectiveness analysis,Wikipedia. 2016,https://en.wikipedia.org/wiki/Cost-effectiveness_analysis,Cost-effectiveness analysis
Cost-utility analysis,Wikipedia. 2016,https://en.wikipedia.org/wiki/Cost-utility_analysis,Cost-effectiveness analysis
Pitfalls of the overhead ratio?,"Karnofsky, Holden. 2011",http://blog.givewell.org/2009/05/21/pitfalls-of-the-overhead-ratio/,Relationship between overheads and effectiveness
The worst way to pick a charity,"Karnofsky, Holden. 2012",http://blog.givewell.org/2009/12/01/the-worst-way-to-pick-a-charity/,Relationship between overheads and effectiveness
Loss aversion,Wikipedia. 2016,https://en.wikipedia.org/wiki/Loss_aversion,Opportunity cost
Opportunity cost,Wikipedia. 2016,https://en.wikipedia.org/wiki/Opportunity_cost,Opportunity cost
Replaceability,"Christiano, Paul. 2013",http://effective-altruism.com/ea/44/replaceability/,Replaceability
Replaceability in altruism,"Kuhn, Ben. 2013",http://effective-altruism.com/ea/4w/replaceability_in_altruism/,Replaceability
What does economics tell us about replaceability?,"O'Keeffe-O'Donovan, Rossa. 2014",https://80000hours.org/2014/07/what-does-economics-tell-us-about-replaceability/,Replaceability
The bittersweetness of replaceability,"Rieber, Lila. 2015",http://effective-altruism.com/ea/kt/the_bittersweetness_of_replaceability/,Replaceability
‘Replaceability’ isn’t as important as you might think (or we’ve suggested),"Todd, Benjamin. 2015",https://80000hours.org/2015/07/replaceability-isnt-as-important-as-you-might-think-or-weve-suggested/,Replaceability
Crucial considerations and wise philanthropy,"Bostrom, Nick. 2014",http://www.stafforini.com/blog/bostrom/,Crucial considerations
Crucial considerations,Foundational Research Institute. 2016,http://crucialconsiderations.org/,Crucial considerations
Margins and thinking at the margin,Library of Economics and Liberty. 2016,http://econlib.org/library/Topics/College/margins.html,Thinking at the margin
Cosmopolitanism,"Brown, Eric & Pauline Kleingeld. 2013",http://plato.stanford.edu/entries/cosmopolitanism/,Thinking globally
Cosmopolitanism,"Hallquist, Topher. 2014",http://effective-altruism.com/ea/6w/cosmopolitanism/,Thinking globally
Well-being analysis vs. cost-benefit analysis,"Bronsteen, John, Christopher Buccafusco & Jonathan Masur. 2013",http://scholarship.law.duke.edu/cgi/viewcontent.cgi?article=3389&context=dlj,Measuring healthy life years
Metrics: disability-adjusted life year (DALY),World Health Organization. 2016,http://www.who.int/healthinfo/global_burden_disease/metrics_daly/en/,Measuring healthy life years
Exploring a wellbeing adjusted life year (WELBY),"Davison, Ewan. 2015",https://whatworkswellbeing.org/2015/04/23/exploring-a-wellbeing-adjusted-life-year-welby/,Measuring healthy life years
Value of information,Wikipedia. 2016,https://en.wikipedia.org/wiki/Value_of_information,Value of information
Discounting for uncertainty in health,"Cotton-Barratt, Owen. 2016",http://globalprioritiesproject.org/wp-content/uploads/2015/05/DiscountingHealth.pdf,Discounting the future
Should we discount future health benefits when considering cost-effectiveness?,Ord & Wiblin. 2016,https://www.givingwhatwecan.org/sites/givingwhatwecan.org/files/attachments/discounting-health2.pdf,Discounting the future
Annual effective discount rate,Wikipedia. 2016,https://en.wikipedia.org/wiki/Annual_effective_discount_rate,Discounting the future
Social discount rate,Wikipedia. 2016,https://en.wikipedia.org/wiki/Social_discount_rate,Discounting the future
Comparative bias,Effective Altruism. 2014,http://effective-altruism.com/ea/ah/comparative_bias/,Cognitive biases
Why I’m skeptical about unproven causes (and you should be too),"Hurford, Peter. 2013",http://effective-altruism.com/ea/53/why_im_skeptical_about_unproven_causes_and_you/,Cognitive biases
Heuristics in judgment and decision-making,Wikipedia. 2016,https://en.wikipedia.org/wiki/Heuristics_in_judgment_and_decision-making,Cognitive biases
List of cognitive biases,Wikipedia. 2016,https://en.wikipedia.org/wiki/List_of_cognitive_biases,Cognitive biases
Cognitive biases potentially affecting judgment of global risks,"Yudkowsky, Eliezer. 2008",https://intelligence.org/files/CognitiveBiases.pdf,Cognitive biases
How we evaluate a study,"Karnofsky, Holden. 2016",http://blog.givewell.org/category/randomized-controlled-trials/,Randomized controlled trials
Randomized controlled trial,Wikipedia. 2016,https://en.wikipedia.org/wiki/Randomized_controlled_trial,Randomized controlled trials
Models in science,"Frigg, Roman & Stephan Hartmann. 2012",http://plato.stanford.edu/entries/models-science/,Uncertainty about models
Probing the improbable: methodological challenges for risks with low probabilities and high stakes,"Hillerbrand, Rafaela, Toby Ord & Anders Sandberg. 2016",https://arxiv.org/ftp/arxiv/papers/0810/0810.5515.pdf,Uncertainty about models
Sequence thinking vs. cluster thinking,"Karnofsky, Holden. 2016",http://blog.givewell.org/2014/06/10/sequence-thinking-vs-cluster-thinking/,Uncertainty about models
Why we can’t take expected value estimates literally (even when they’re unbiased),"Karnofsky, Holden. 2016",http://blog.givewell.org/2011/08/18/why-we-cant-take-expected-value-estimates-literally-even-when-theyre-unbiased/,Uncertainty within models
Guesstimate,Guesstimate. No date.,https://www.getguesstimate.com/,Uncertainty within models
Are GiveWell top charities too speculative?,"Dickens, Michael. 2015",http://effective-altruism.com/ea/rg/are_givewell_top_charities_too_speculative/,Tested interventions vs. speculative interventions
Why I’m skeptical about unproven causes (and you should be too),"Hurford, Peter. 2013",http://lesswrong.com/lw/i6f/why_im_skeptical_about_unproven_causes_and_you/,Tested interventions vs. speculative interventions
Gains from trade through compromise,"Tomasik, Brian. 2015",https://foundational-research.org/gains-from-trade-through-compromise/,Moral cooperation
Moral trade,"Ord, Toby. 2015",http://www.amirrorclear.net/files/moral-trade.pdf,Moral trade
Meditations on Moloch,"Alexander, Scott. 2014",http://slatestarcodex.com/2014/07/30/meditations-on-moloch/,Game theory
Game theory,"Ross, Don. 2014",http://plato.stanford.edu/entries/game-theory/,Game theory
Game theory,Wikipedia. 2016,https://en.wikipedia.org/wiki/Game_theory,Game theory
Prisoner's dilemma,Wikipedia. 2016,https://en.wikipedia.org/wiki/Prisoner%27s_dilemma,Game theory
Tragedy of the commons,Wikipedia. 2016,https://en.wikipedia.org/wiki/Tragedy_of_the_commons,Game theory
Nash equilibrium,Wikipedia. 2016,https://en.wikipedia.org/wiki/Nash_equilibrium,Game theory
Voting methods,"Pacuit, Eric. 2011",http://plato.stanford.edu/entries/voting-methods/,Group decision-making
Category:voting,Wikipedia. 2016,https://en.wikipedia.org/wiki/Category:Voting,Group decision-making
Group decision-making,Wikipedia. 2016,https://en.wikipedia.org/wiki/Group_decision-making,Group decision-making
The Unilateralist’s Curse: The Case for a Principle of Conformity,"Bostrom, Nick. 2013",http://www.nickbostrom.com/papers/unilateralist.pdf,Unilateralist’s curse
Winner’s Curse,Wikipedia. 2016,https://en.wikipedia.org/wiki/Winner%27s_curse,Unilateralist’s curse
Should you play to your comparative advantage when choosing your career?,"Todd, Benjamin. 2018",https://80000hours.org/articles/comparative-advantage/,Comparative advantage
My comparative advantage in effective altruism,Aceso Under Glass. 2014,https://acesounderglass.com/2014/12/24/my-comparative-advantage-in-effective-altruism/,Comparative advantage
Some stories about comparative advantage,"Kuhn, Ben. 2014",http://www.benkuhn.net/advantage,Comparative advantage
The value of coordination,"Todd, Benjamin. 2016",https://80000hours.org/2016/02/the-value-of-coordination/,Comparative advantage
Information Hazards,"Bostrom, Nick. 2011",http://www.nickbostrom.com/information-hazards.pdf,Information hazards
Truth and Democracy,"Kitcher, Philip. 2001",http://www.oxfordscholarship.com/view/10.1093/0195145836.001.0001/acprof-9780195145830,Information hazards
What proxies to use for flow-through effects?,Carl Shulman. 2016,http://reflectivedisequilibrium.blogspot.co.uk/2013/12/what-proxies-to-use-for-flow-through.html,Long-term indirect effects
Flow-through effects,Robert Wiblin. 2016,http://library.fora.tv/2016/08/07/flowthrough_effects,Long-term indirect effects
Flow-through effects,Holden Karnosky. 2013,http://blog.givewell.org/2013/05/15/flow-through-effects/,Long-term indirect effects
On progress and prosperity,Paul Christiano. 2015,http://effective-altruism.com/ea/9f/on_progress_and_prosperity/,Long-term indirect effects
Flow through effects conversation,Jeff Kaufman. 2013,https://www.jefftk.com/p/flow-through-effects-conversation,Long-term indirect effects
“Replaceability” isn’t as important as you might think (or we’ve suggested),80’000 Hours. 2015,https://80000hours.org/2015/07/replaceability-isnt-as-important-as-you-might-think-or-weve-suggested/,Naive consequentialism vs. sophisticated consequentialism
Integrity for consequentialists,"Christiano, Paul. 2016",http://effective-altruism.com/ea/140/integrity_for_consequ,Naive consequentialism vs. sophisticated consequentialism
What are the biggest problems in the world?,"80,000 Hours. 2016",https://80000hours.org/articles/cause-selection/,"80,000 Hours’ focus area recommendations"
"80,000 Hours quiz","80,000 Hours. 2016",https://80000hours.org/problem-quiz/,"80,000 Hours’ focus area recommendations"
How can we help the world? A flowchart,"Cotton-Barratt, Owen & Daniel Kokotajlo. 2016",http://globalprioritiesproject.org/2015/09/flowhart/,A flowchart for focus area selection
My cause selection,"Denkenberger, Dave. 2015",http://effective-altruism.com/ea/mi/my_cause_selection_dave_denkenberger/,Other approaches to focus area selection
A complete quantitative model for cause selection,"Dickens, Michael. 2016",http://mdickens.me/2016/05/17/a_complete_quantitative_model_for_cause_selection/,Other approaches to focus area selection
Cause prioritization app,"Dickens, Michael. 2016",http://mdickens.me/causepri-app/#0,Other approaches to focus area selection
My cause selection,"Drescher, Denis. 2015",http://effective-altruism.com/ea/n2/my_cause_selection_denis_drescher/,Other approaches to focus area selection
My cause selection,"Mather, Thomas. 2015",http://effective-altruism.com/ea/n1/my_cause_selection_thomas_mather/,Other approaches to focus area selection
Strategic cause selection,"Karnofsky, Holden. 2012",http://www.openphilanthropy.org/blog/strategic-cause-selection,The Open Philanthropy Project’s focus area selection
Focus areas,Open Philanthropy Project. 2016,http://www.openphilanthropy.org/focus,The Open Philanthropy Project’s focus area selection
"Transgenic mosquitoes, update Effective Altruism Policy Analytics","Gentzel, Matt. 2016",http://effective-altruism.com/ea/10a/transgenic_mosquitoes_update_effective_altruism/,Malaria control
"CNS infection safety sgnal of RTS,S/AS01 and possible association with rabies vaccine","Gessner, Bradford, David Wraith & Adam Finn. 2016",https://goo.gl/g7Pz29,Malaria control
Mass distribution of long-lasting insecticide-treated nets (LLINs),GiveWell. 2015,http://www.givewell.org/international/technical/programs/insecticide-treated-nets,Malaria control
"Seasonal malaria chemoprevention (SMC), interim intervention report",GiveWell. 2015,http://www.givewell.org/international/technical/programs/seasonal-malaria-chemoprevention,Malaria control
Malaria Consortium,GiveWell. 2016,http://www.givewell.org/international/charities/Malaria-Consortium,Malaria control
Against Malaria Foundation (AMF),GiveWell. 2016,http://www.givewell.org/charities/against-malaria-foundation,Malaria control
Bednets have prevented 450 million cases of malaria,Giving What We Can. 2015,https://www.givingwhatwecan.org/post/2015/12/bednets-have-prevented-450-million-cases-of-malaria/,Malaria control
Foundation for the National Institutes of Health — Working Group on Malaria Gene Drive Testing Path,Open Philanthropy Project. 2016,http://www.openphilanthropy.org/focus/scientific-research/miscellaneous/foundation-national-institutes-health-working-group,Malaria control
"Public health impact and cost-effectiveness of the RTS, S/AS01 malaria vaccine: a systematic comparison of predictions from four mathematical models",Penny et al. 2016,https://goo.gl/1jxBP1,Malaria control
Parasites,Centers for Disease Control and Prevention. 2013,http://www.cdc.gov/parasites/sth/index.html,Deworming
"Deworming might have huge impact, but might have close to zero impact","Conley, Sean. 2016",http://blog.givewell.org/2016/07/26/deworming-might-huge-impact-might-close-zero-impact/,Deworming
"Does mass deworming affect child nutrition? Meta-analysis, cost-effectiveness, and statistical power","Croke, Kevin et al. 2016",http://www.nber.org/papers/w22382,Deworming
Combination deworming (mass drug administration targeting both schistosomiasis and soil-transmitted helminths),GiveWell. 2015,http://www.givewell.org/international/technical/programs/deworming,Deworming
Priority programs,GiveWell. 2016,http://www.givewell.org/research/intervention-reports#Priorityprograms,Deworming
The case for mass treatment of intestinal helminths in endemic areas,"Hicks, Joan, Michael Kremer & Edward Miguel. 2015",http://journals.plos.org/plosntds/article?id=10.1371/journal.pntd.0004214,Deworming
What has been learned from the deworming replications: a nonpartisan view,"Humphreys, Macartan. 2015",http://www.columbia.edu/~mh2245/w/worms.html,Deworming
The impact of mass deworming programmes on schooling and economic development: an appraisal of long-term studies,"Jullien, Sophie, David Sinclair & Paul Garner, Paul. 2016",http://archive.lstmed.ac.uk/6105/,Deworming
"Deworming drugs for soil-transmitted intestinal worms in children: effects on nutritional indicators, haemoglobin, and school performance","Taylor-Robinson, David et al. 2015",http://onlinelibrary.wiley.com/doi/10.1002/14651858.CD000371.pub6/abstract,Deworming
Micronutrient facts,Centers for Disease Control and Prevention. 2015. ,http://www.cdc.gov/immpact/micronutrients/,Micronutrient programs
Food Fortification Initiative,Givewell. 2016,http://www.givewell.org/charities/food-fortification-initiative,Micronutrient programs
Project Healthy Children (PHC),Givewell. 2016,http://www.givewell.org/international/charities/project-healthy-children,Micronutrient programs
Micronutrient fortification,Giving What We Can. 2016,https://www.givingwhatwecan.org/report/micronutrient-fortification/,Micronutrient programs
Cash transfers in the developing world,GiveWell. 2015,http://www.givewell.org/international/technical/programs/cash-transfers,Cash transfers
Priority programs,GiveWell. 2016,http://www.givewell.org/research/intervention-reports#Priorityprograms,Cash transfers
GiveDirectly,GiveWell. 2016,http://www.givewell.org/charities/give-directly,Cash transfers
Allocating risk-mitigation work over time,"Cotton-Barratt, Owen. 2015",http://www.fhi.ox.ac.uk/wp-content/uploads/Allocating-risk-mitigation.pdf,Allocating risk-mitigation work over time
Cause profile: Animal welfare,Centre for Effective Altruism. No date.,https://www.effectivealtruism.org/cause-profile-animal-welfare/,Animal welfare recommendations
Evaluating interventions,Animal Charity Evaluators. 2016,https://animalcharityevaluators.org/approach/evaluating-interventions/,Animal welfare recommendations
Charity reviews,Animal Charity Evaluators. 2016.,https://animalcharityevaluators.org/research/charity-reviews/,Animal Charity Evaluators’ recommendations
Recommended charities,Animal Charity Evaluators. 2016.,https://animalcharityevaluators.org/donation-advice/recommended-charities/,Animal Charity Evaluators’ recommendations
GiveWell’s criteria for top charities,GiveWell. 2016,http://www.givewell.org/how-we-work/criteria,GiveWell’s recommendations
Process for identifying top charities,GiveWell. 2016,http://www.givewell.org/how-we-work/process,GiveWell’s recommendations
Transparency policy,GiveWell. 2016,http://www.givewell.org/how-we-work/transparency,GiveWell’s recommendations
Good Ventures,Good Ventures. 2016,http://www.goodventures.org/,GiveWell’s recommendations
GiveWell’s process,Open Philanthropy Project. 2016,http://www.openphilanthropy.org/research/our-process,GiveWell’s recommendations